<assembly xmlns="http://maven.apache.org/plugins/maven-assembly-plugin/assembly/1.1.0"
          xmlns:xsi="http://www.w3.org/2001/XMLSchema-instance"
          xsi:schemaLocation="http://maven.apache.org/plugins/maven-assembly-plugin/assembly/1.1.0 http://maven.apache.org/xsd/assembly-1.1.0.xsd">
    <id>bin</id>
    <formats>
        <format>zip</format>
    </formats>
    <includeBaseDirectory>false</includeBaseDirectory>
    <fileSets>
        <fileSet>
            <directory>${project.basedir}/src/main/</directory>
            <outputDirectory/>
            <includes>
                <include>webapp/**</include>
            </includes>
        </fileSet>
        <fileSet>
            <directory>${project.basedir}/..</directory>
            <outputDirectory/>
            <includes>
                <include>NOTICE*</include>
                <include>LICENSE*</include>
                <include>CONTRIBUTORS*</include>
                <include>config-example.properties</include>
            </includes>
        </fileSet>
        <fileSet>
            <directory>${project.build.directory}</directory>
            <outputDirectory/>
            <includes>
                <include>*-with-dep.jar</include>
            </includes>
        </fileSet>
    </fileSets>
</assembly>
