<assembly xmlns="http://maven.apache.org/plugins/maven-assembly-plugin/assembly/1.1.0" xmlns:xsi="http://www.w3.org/2001/XMLSchema-instance" xsi:schemaLocation="http://maven.apache.org/plugins/maven-assembly-plugin/assembly/1.1.0 http://maven.apache.org/xsd/assembly-1.1.0.xsd">
    <id>android</id>
    <formats>
        <format>jar</format>
    </formats>
    <includeBaseDirectory>false</includeBaseDirectory>
    <dependencySets>
        <dependencySet>            
            <outputDirectory>/</outputDirectory>
            <useProjectArtifact>true</useProjectArtifact>
            <unpack>true</unpack>
            <scope>runtime</scope>
            <excludes>
                <!-- <exclude>org.slf4j:slf4j-api</exclude>-->                
                <exclude>com.google.protobuf:protobuf-java</exclude>
                <exclude>org.openstreetmap.osmosis:osmosis-osm-binary</exclude>
                <exclude>org.apache.xmlgraphics:xmlgraphics-commons</exclude>
            </excludes>
        </dependencySet>
    </dependencySets>
</assembly>
